{"assignment": {"9": 4, "10": 4, "76": 4, "19": 8, "15": 0, "20": 0, "11": 4, "77": 7, "1": 7, "14": 4, "2": 7, "12": 4, "13": 4, "75": 6, "49": 6, "51": 6, "74": 6, "53": 6, "50": 6, "70": 2, "54": 6, "72": 2, "47": 6, "73": 2, "48": 6, "55": 6, "16": 4, "4": 7, "6": 3, "5": 3, "3": 7, "23": 0, "17": 8, "25": 8, "26": 0, "29": 8, "18": 8, "21": 4, "7": 3, "24": 0, "27": 0, "22": 3, "37": 9, "52": 6, "43": 2, "44": 6, "41": 2, "40": 9, "69": 2, "68": 9, "42": 2, "45": 6, "46": 6, "67": 9, "56": 1, "63": 9, "64": 1, "66": 9, "65": 1, "71": 2, "32": 5, "31": 5, "30": 1, "28": 5, "8": 5, "35": 5, "36": 9, "38": 9, "33": 5, "34": 5, "39": 9, "60": 5, "61": 9, "57": 1, "58": 1, "59": 1, "62": 1}, "id": "darylassignment966", "idColumn": {"name": "Area Number", "key": "area_num_1"}, "placeId": "chicago_communities", "problem": {"type": "multimember", "numberOfParts": 50, "name": "City Council", "pluralNoun": "City Council Seats"}}