{"assignment": {"9": 3, "10": 3, "76": 3, "19": 8, "15": 8, "20": 8, "11": 3, "77": 7, "1": 7, "14": 3, "2": 7, "12": 3, "13": 3, "75": 9, "49": 9, "51": 9, "74": 2, "53": 9, "50": 9, "70": 2, "54": 9, "72": 2, "47": 9, "73": 9, "48": 9, "55": 9, "16": 3, "4": 7, "6": 4, "5": 4, "3": 7, "23": 8, "17": 8, "25": 0, "26": 0, "29": 0, "18": 0, "21": 3, "7": 4, "24": 0, "27": 0, "22": 4, "37": 5, "52": 9, "43": 5, "44": 9, "41": 5, "40": 5, "69": 2, "68": 5, "42": 5, "45": 9, "46": 9, "67": 2, "56": 1, "63": 5, "64": 1, "66": 2, "65": 1, "71": 2, "32": 6, "31": 6, "30": 1, "28": 6, "8": 6, "35": 6, "36": 6, "38": 6, "33": 6, "34": 5, "39": 6, "60": 5, "61": 5, "57": 1, "58": 1, "59": 1, "62": 1}, "id": "darylassignment988", "idColumn": {"name": "Area Number", "key": "area_num_1"}, "placeId": "chicago_communities", "problem": {"type": "multimember", "numberOfParts": 50, "name": "City Council", "pluralNoun": "City Council Seats"}}